{"cameraMode":{"drawMode":0,"name":"Shaded","section":"Shading Mode"},"sceneLighting":false,"audioPlay":false,"sceneViewState":{"m_AlwaysRefresh":false,"showFog":true,"showSkybox":false,"showFlares":true,"showImageEffects":true,"showParticleSystems":true,"showVisualEffectGraphs":true,"m_FxEnabled":true},"in2DMode":false,"pivot":{"x":3.4565248489379885,"y":-6.540114879608154,"z":0.5611245632171631},"rotation":{"x":-0.003985804505646229,"y":-0.9917488694190979,"z":0.12411496788263321,"w":-0.03184784948825836},"size":0.821155846118927,"orthographic":true}