{"cameraMode":{"drawMode":0,"name":"Shaded","section":"Shading Mode"},"sceneLighting":false,"audioPlay":false,"sceneViewState":{"m_AlwaysRefresh":false,"showFog":true,"showSkybox":false,"showFlares":true,"showImageEffects":true,"showParticleSystems":true,"showVisualEffectGraphs":true,"m_FxEnabled":true},"in2DMode":false,"pivot":{"x":0.010251164436340332,"y":0.0004170835018157959,"z":0.4548913538455963},"rotation":{"x":-0.0001101490342989564,"y":0.9972997307777405,"z":-0.07343374937772751,"w":-0.0014959414256736637},"size":0.681453287601471,"orthographic":true}