{"cameraMode":{"drawMode":0,"name":"Shaded","section":"Shading Mode"},"sceneLighting":true,"audioPlay":false,"sceneViewState":{"m_AlwaysRefresh":false,"showFog":true,"showSkybox":true,"showFlares":true,"showImageEffects":true,"showParticleSystems":true,"showVisualEffectGraphs":true,"m_FxEnabled":true},"in2DMode":false,"pivot":{"x":-0.7917394638061523,"y":97.07149505615235,"z":-0.49097728729248049},"rotation":{"x":0.030729910358786584,"y":0.9692420363426209,"z":-0.17637258768081666,"w":0.16887284815311433},"size":3.1211860179901125,"orthographic":true}