{"cameraMode":{"drawMode":0,"name":"Shaded","section":"Shading Mode"},"sceneLighting":true,"audioPlay":false,"sceneViewState":{"m_AlwaysRefresh":false,"showFog":true,"showSkybox":true,"showFlares":true,"showImageEffects":true,"showParticleSystems":true,"showVisualEffectGraphs":true,"m_FxEnabled":true},"in2DMode":false,"pivot":{"x":-3.942115306854248,"y":6.846380710601807,"z":11.966487884521485},"rotation":{"x":0.012343831360340119,"y":0.9874817728996277,"z":-0.10107352584600449,"w":0.12057172507047653},"size":16.99468994140625,"orthographic":true}