{"cameraMode":{"drawMode":0,"name":"Shaded","section":"Shading Mode"},"sceneLighting":true,"audioPlay":false,"sceneViewState":{"m_AlwaysRefresh":false,"showFog":true,"showSkybox":true,"showFlares":true,"showImageEffects":true,"showParticleSystems":true,"showVisualEffectGraphs":true,"m_FxEnabled":true},"in2DMode":false,"pivot":{"x":0.4759523868560791,"y":6.899948596954346,"z":-6.735346794128418},"rotation":{"x":0.0001658998808125034,"y":-0.9989184737205505,"z":-0.04648320749402046,"w":-0.0035975000355392696},"size":17.486082077026368,"orthographic":true}