{"cameraMode":{"drawMode":0,"name":"Shaded","section":"Shading Mode"},"sceneLighting":true,"audioPlay":false,"sceneViewState":{"m_AlwaysRefresh":false,"showFog":true,"showSkybox":true,"showFlares":true,"showImageEffects":true,"showParticleSystems":true,"showVisualEffectGraphs":true,"m_FxEnabled":true},"in2DMode":false,"pivot":{"x":5.425124645233154,"y":7.676936626434326,"z":2.3591971397399904},"rotation":{"x":0.003679542802274227,"y":0.9926756024360657,"z":-0.03127994388341904,"w":0.11667638272047043},"size":3.821702480316162,"orthographic":true}