{"cameraMode":{"drawMode":0,"name":"Shaded","section":"Shading Mode"},"sceneLighting":true,"audioPlay":false,"sceneViewState":{"m_AlwaysRefresh":false,"showFog":true,"showSkybox":true,"showFlares":true,"showImageEffects":true,"showParticleSystems":true,"showVisualEffectGraphs":true,"m_FxEnabled":true},"in2DMode":false,"pivot":{"x":0.02000001072883606,"y":-23.43622589111328,"z":-0.1495395302772522},"rotation":{"x":-0.00100365758407861,"y":0.9859050512313843,"z":-0.005915369838476181,"w":-0.16720861196517945},"size":1.5730246305465699,"orthographic":true}