{"cameraMode":{"drawMode":0,"name":"Shaded","section":"Shading Mode"},"sceneLighting":true,"audioPlay":false,"sceneViewState":{"m_AlwaysRefresh":false,"showFog":true,"showSkybox":true,"showFlares":true,"showImageEffects":true,"showParticleSystems":true,"showVisualEffectGraphs":true,"m_FxEnabled":true},"in2DMode":false,"pivot":{"x":-0.7516779899597168,"y":10.987167358398438,"z":-8.222528457641602},"rotation":{"x":0.004838504828512669,"y":-0.9923354983329773,"z":0.1166352927684784,"w":0.04110195115208626},"size":5.99540901184082,"orthographic":true}