{"cameraMode":{"drawMode":0,"name":"Shaded","section":"Shading Mode"},"sceneLighting":true,"audioPlay":false,"sceneViewState":{"m_AlwaysRefresh":false,"showFog":true,"showSkybox":true,"showFlares":true,"showImageEffects":true,"showParticleSystems":true,"showVisualEffectGraphs":true,"m_FxEnabled":true},"in2DMode":false,"pivot":{"x":-6.197819709777832,"y":-0.49662303924560549,"z":4.98903751373291},"rotation":{"x":0.016336584463715555,"y":0.9517048001289368,"z":-0.30223557353019717,"w":0.05144204944372177},"size":4.481174468994141,"orthographic":true}