{"cameraMode":{"drawMode":0,"name":"Shaded","section":"Shading Mode"},"sceneLighting":true,"audioPlay":false,"sceneViewState":{"m_AlwaysRefresh":false,"showFog":true,"showSkybox":true,"showFlares":true,"showImageEffects":true,"showParticleSystems":true,"showVisualEffectGraphs":true,"m_FxEnabled":true},"in2DMode":false,"pivot":{"x":2.1442458629608156,"y":19.851848602294923,"z":-3.855221748352051},"rotation":{"x":0.0016309997299686075,"y":0.9949697256088257,"z":-0.09882516413927078,"w":0.0164178479462862},"size":1.88612699508667,"orthographic":true}