{"cameraMode":{"drawMode":0,"name":"Shaded","section":"Shading Mode"},"sceneLighting":true,"audioPlay":false,"sceneViewState":{"m_AlwaysRefresh":false,"showFog":true,"showSkybox":true,"showFlares":true,"showImageEffects":true,"showParticleSystems":true,"showVisualEffectGraphs":true,"m_FxEnabled":true},"in2DMode":false,"pivot":{"x":-0.9853610992431641,"y":96.45358276367188,"z":0.05417556315660477},"rotation":{"x":0.07431577146053314,"y":-0.9110099673271179,"z":0.18846715986728669,"w":0.35921910405158999},"size":1.3233586549758912,"orthographic":true}