{"cameraMode":{"drawMode":0,"name":"Shaded","section":"Shading Mode"},"sceneLighting":true,"audioPlay":false,"sceneViewState":{"m_AlwaysRefresh":false,"showFog":true,"showSkybox":true,"showFlares":true,"showImageEffects":true,"showParticleSystems":true,"showVisualEffectGraphs":true,"m_FxEnabled":true},"in2DMode":false,"pivot":{"x":-1.2246403694152833,"y":2.879018783569336,"z":-10.158867835998536},"rotation":{"x":0.0037206856068223716,"y":0.9961669445037842,"z":-0.05384520813822746,"w":0.06884452700614929},"size":16.067188262939454,"orthographic":true}